{
  "sheet": "D:\\ai-codexa\\03_LIVE\\github\\VoiceGen-Oui-ROCm-VoxCPM2\\app\\_frontend\\assets\\mascots\\4x4\\tsuki-voice-atelier-v1\\_qa\\sequence\\tsuki-voicegen-shape-approve-v1-4x4.png",
  "loop": false,
  "row_major": {
    "score": 25.735269962327287,
    "worst": 32.643615891225835,
    "spikes": []
  },
  "suggested": {
    "order_1based": [
      15,
      14,
      11,
      1,
      16,
      13,
      7,
      9,
      10,
      4,
      3,
      12,
      2,
      5,
      8,
      6
    ],
    "score": 19.725874505244995,
    "worst": 26.19047619047619,
    "improvement_pct": 23.4
  },
  "diff_matrix": [
    [
      0.0,
      22.5,
      29.4,
      27.6,
      22.5,
      30.4,
      30.3,
      22.6,
      26.8,
      29.5,
      18.6,
      25.6,
      26.8,
      25.5,
      27.8,
      21.0
    ],
    [
      22.5,
      0.0,
      21.2,
      22.9,
      19.7,
      26.2,
      27.6,
      24.1,
      24.5,
      25.8,
      25.8,
      16.9,
      24.2,
      30.2,
      33.0,
      23.1
    ],
    [
      29.4,
      21.2,
      0.0,
      19.8,
      22.8,
      27.7,
      28.6,
      27.9,
      24.7,
      24.0,
      31.5,
      19.7,
      28.3,
      33.5,
      36.4,
      26.5
    ],
    [
      27.6,
      22.9,
      19.8,
      0.0,
      24.1,
      27.5,
      20.2,
      29.5,
      15.2,
      15.6,
      31.2,
      20.3,
      21.0,
      32.4,
      34.3,
      23.8
    ],
    [
      22.5,
      19.7,
      22.8,
      24.1,
      0.0,
      25.3,
      29.7,
      19.3,
      24.3,
      25.9,
      26.7,
      21.0,
      25.6,
      30.2,
      34.6,
      25.6
    ],
    [
      30.4,
      26.2,
      27.7,
      27.5,
      25.3,
      0.0,
      26.2,
      26.2,
      27.2,
      28.6,
      27.6,
      25.3,
      29.7,
      30.1,
      32.3,
      29.6
    ],
    [
      30.3,
      27.6,
      28.6,
      20.2,
      29.7,
      26.2,
      0.0,
      31.7,
      15.8,
      18.6,
      30.2,
      25.5,
      19.6,
      32.1,
      33.4,
      28.7
    ],
    [
      22.6,
      24.1,
      27.9,
      29.5,
      19.3,
      26.2,
      31.7,
      0.0,
      30.2,
      30.6,
      23.8,
      26.0,
      30.4,
      30.1,
      32.5,
      28.7
    ],
    [
      26.8,
      24.5,
      24.7,
      15.2,
      24.3,
      27.2,
      15.8,
      30.2,
      0.0,
      15.5,
      31.5,
      20.2,
      17.0,
      32.1,
      34.6,
      24.6
    ],
    [
      29.5,
      25.8,
      24.0,
      15.6,
      25.9,
      28.6,
      18.6,
      30.6,
      15.5,
      0.0,
      31.2,
      23.7,
      21.1,
      31.2,
      33.6,
      27.4
    ],
    [
      18.6,
      25.8,
      31.5,
      31.2,
      26.7,
      27.6,
      30.2,
      23.8,
      31.5,
      31.2,
      0.0,
      29.4,
      31.3,
      21.9,
      22.6,
      23.9
    ],
    [
      25.6,
      16.9,
      19.7,
      20.3,
      21.0,
      25.3,
      25.5,
      26.0,
      20.2,
      23.7,
      29.4,
      0.0,
      21.6,
      33.3,
      35.7,
      22.8
    ],
    [
      26.8,
      24.2,
      28.3,
      21.0,
      25.6,
      29.7,
      19.6,
      30.4,
      17.0,
      21.1,
      31.3,
      21.6,
      0.0,
      32.6,
      35.5,
      22.9
    ],
    [
      25.5,
      30.2,
      33.5,
      32.4,
      30.2,
      30.1,
      32.1,
      30.1,
      32.1,
      31.2,
      21.9,
      33.3,
      32.6,
      0.0,
      23.5,
      26.6
    ],
    [
      27.8,
      33.0,
      36.4,
      34.3,
      34.6,
      32.3,
      33.4,
      32.5,
      34.6,
      33.6,
      22.6,
      35.7,
      35.5,
      23.5,
      0.0,
      31.3
    ],
    [
      21.0,
      23.1,
      26.5,
      23.8,
      25.6,
      29.6,
      28.7,
      28.7,
      24.6,
      27.4,
      23.9,
      22.8,
      22.9,
      26.6,
      31.3,
      0.0
    ]
  ]
}