{
  "sheet": "D:\\ai-codexa\\03_LIVE\\github\\VoiceGen-Oui-ROCm-VoxCPM2\\app\\_frontend\\assets\\mascots\\4x4\\tsuki-voice-atelier-v1\\_qa\\sequence\\tsuki-voicegen-listen-notice-v1-4x4.png",
  "loop": true,
  "row_major": {
    "score": 19.566900332128345,
    "worst": 30.815875232774673,
    "spikes": []
  },
  "suggested": {
    "order_1based": [
      16,
      1,
      12,
      15,
      13,
      14,
      4,
      8,
      7,
      5,
      6,
      3,
      11,
      10,
      9,
      2
    ],
    "score": 18.02132217760793,
    "worst": 31.187757909215957,
    "improvement_pct": 7.9
  },
  "diff_matrix": [
    [
      0.0,
      29.0,
      30.4,
      30.6,
      32.0,
      34.2,
      34.0,
      30.1,
      29.7,
      29.5,
      32.0,
      21.3,
      18.5,
      22.9,
      19.6,
      19.1
    ],
    [
      29.0,
      0.0,
      21.5,
      25.8,
      27.4,
      26.2,
      24.5,
      23.1,
      19.5,
      19.4,
      22.3,
      30.3,
      31.5,
      31.5,
      31.6,
      26.8
    ],
    [
      30.4,
      21.5,
      0.0,
      21.0,
      19.2,
      17.1,
      18.0,
      20.2,
      21.4,
      19.9,
      15.2,
      30.2,
      29.9,
      30.6,
      31.3,
      26.9
    ],
    [
      30.6,
      25.8,
      21.0,
      0.0,
      17.5,
      23.9,
      18.8,
      17.7,
      25.7,
      25.0,
      20.7,
      30.3,
      31.2,
      31.2,
      32.1,
      29.5
    ],
    [
      32.0,
      27.4,
      19.2,
      17.5,
      0.0,
      17.3,
      15.6,
      17.2,
      25.9,
      24.5,
      18.5,
      29.4,
      30.9,
      30.8,
      31.8,
      28.8
    ],
    [
      34.2,
      26.2,
      17.1,
      23.9,
      17.3,
      0.0,
      17.1,
      22.8,
      27.2,
      25.2,
      19.9,
      31.7,
      33.4,
      32.4,
      34.2,
      31.8
    ],
    [
      34.0,
      24.5,
      18.0,
      18.8,
      15.6,
      17.1,
      0.0,
      14.3,
      26.1,
      23.8,
      13.8,
      32.7,
      33.6,
      33.4,
      34.3,
      31.4
    ],
    [
      30.1,
      23.1,
      20.2,
      17.7,
      17.2,
      22.8,
      14.3,
      0.0,
      23.8,
      21.5,
      17.4,
      29.9,
      30.9,
      31.7,
      31.7,
      27.3
    ],
    [
      29.7,
      19.5,
      21.4,
      25.7,
      25.9,
      27.2,
      26.1,
      23.8,
      0.0,
      13.1,
      21.5,
      31.2,
      31.4,
      29.8,
      32.1,
      26.9
    ],
    [
      29.5,
      19.4,
      19.9,
      25.0,
      24.5,
      25.2,
      23.8,
      21.5,
      13.1,
      0.0,
      18.5,
      30.1,
      30.6,
      29.0,
      32.0,
      27.0
    ],
    [
      32.0,
      22.3,
      15.2,
      20.7,
      18.5,
      19.9,
      13.8,
      17.4,
      21.5,
      18.5,
      0.0,
      30.8,
      31.9,
      31.8,
      33.0,
      29.2
    ],
    [
      21.3,
      30.3,
      30.2,
      30.3,
      29.4,
      31.7,
      32.7,
      29.9,
      31.2,
      30.1,
      30.8,
      0.0,
      18.7,
      21.2,
      16.9,
      20.1
    ],
    [
      18.5,
      31.5,
      29.9,
      31.2,
      30.9,
      33.4,
      33.6,
      30.9,
      31.4,
      30.6,
      31.9,
      18.7,
      0.0,
      17.5,
      7.3,
      15.1
    ],
    [
      22.9,
      31.5,
      30.6,
      31.2,
      30.8,
      32.4,
      33.4,
      31.7,
      29.8,
      29.0,
      31.8,
      21.2,
      17.5,
      0.0,
      18.6,
      20.9
    ],
    [
      19.6,
      31.6,
      31.3,
      32.1,
      31.8,
      34.2,
      34.3,
      31.7,
      32.1,
      32.0,
      33.0,
      16.9,
      7.3,
      18.6,
      0.0,
      15.3
    ],
    [
      19.1,
      26.8,
      26.9,
      29.5,
      28.8,
      31.8,
      31.4,
      27.3,
      26.9,
      27.0,
      29.2,
      20.1,
      15.1,
      20.9,
      15.3,
      0.0
    ]
  ]
}